<?xml version="1.0" encoding="UTF-8"?>
<!--
  Copyright 2018 Neovim contributors

  See also:
    https://appimage.github.io/neovim/
    https://github.com/flathub/io.neovim.nvim
-->
<component type="desktop-application">
  <id>io.neovim.nvim</id>
  <translation type="gettext">nvim</translation>
  <project_license>Apache-2.0</project_license>
  <metadata_license>CC0-1.0</metadata_license>
  <name>Neovim</name>
  <summary>Vim-fork focused on extensibility and usability</summary>

  <description>
    <p>Neovim is a refactor of the Vim text editor designed to encourage new features, advanced UIs, and powerful extensions.</p>
  </description>

  <screenshots>
    <screenshot type="default">
      <caption>Live :substitute feature</caption>
      <image>https://neovim.io/images/nvim-screenshot-1.png</image>
    </screenshot>
  </screenshots>

  <releases>
    <release date="2023-04-07" version="0.9.0"/>
    <release date="2023-02-02" version="0.8.3"/>
    <release date="2022-12-29" version="0.8.2"/>
    <release date="2022-11-14" version="0.8.1"/>
    <release date="2022-09-30" version="0.8.0"/>
    <release date="2022-06-26" version="0.7.2"/>
    <release date="2022-06-26" version="0.7.1"/>
    <release date="2022-04-15" version="0.7.0"/>
    <release date="2021-12-31" version="0.6.1"/>
    <release date="2021-11-30" version="0.6.0"/>
    <release date="2021-09-26" version="0.5.1"/>
    <release date="2021-07-02" version="0.5.0"/>
    <release date="2020-08-04" version="0.4.4"/>
    <release date="2019-11-06" version="0.4.3"/>
    <release date="2019-09-15" version="0.4.2"/>
    <release date="2019-09-15" version="0.4.1"/>
    <release date="2019-09-15" version="0.4.0"/>
    <release date="2019-07-03" version="0.3.8"/>
    <release date="2019-04-29" version="0.3.5"/>
    <release date="2019-01-13" version="0.3.4"/>
    <release date="2019-01-05" version="0.3.3"/>
    <release date="2018-12-31" version="0.3.2"/>
    <release date="2018-07-19" version="0.3.1"/>
    <release date="2018-07-11" version="0.3.0"/>
  </releases>

  <content_rating type="oars-1.1"/>
  <launchable type="desktop-id">nvim.desktop</launchable>
  <url type="homepage">https://neovim.io/</url>
  <url type="bugtracker">https://github.com/neovim/neovim/issues</url>
  <url type="faq">https://neovim.io/doc/user/faq.html</url>
  <url type="help">https://neovim.io/doc/</url>
  <url type="donation">https://neovim.io/#sponsor</url>
  <url type="translate">https://github.com/neovim/neovim/tree/master/src/nvim/po</url>
  <provides>
    <binary>nvim</binary>
    <id>nvim</id>
  </provides>
</component>
